{"cameraMode":{"drawMode":0,"name":"Shaded","section":"Shading Mode"},"sceneLighting":true,"audioPlay":false,"sceneViewState":{"showFog":false,"showMaterialUpdate":false,"showSkybox":false,"showFlares":false,"showImageEffects":false,"showParticleSystems":false},"in2DMode":false,"pivot":{"x":-0.6990830898284912,"y":-6.0601654052734379,"z":24.08426284790039},"rotation":{"x":-0.10809414088726044,"y":0.008049438707530499,"z":-0.0008752171997912228,"w":-0.9941034913063049},"size":44.65167236328125,"orthographic":false}