{"cameraMode":{"drawMode":0,"name":"Shaded","section":"Shading Mode"},"sceneLighting":true,"audioPlay":false,"sceneViewState":{"showFog":false,"showMaterialUpdate":false,"showSkybox":false,"showFlares":false,"showImageEffects":false,"showParticleSystems":false},"in2DMode":false,"pivot":{"x":-2.8623199462890627,"y":-3.046656370162964,"z":6.509963512420654},"rotation":{"x":-0.18004260957241059,"y":0.09045028686523438,"z":-0.01662835292518139,"w":-0.9793466329574585},"size":15.243950843811036,"orthographic":false}